[
  {
    "timestamp": "2026-01-12T21:49:48.521075",
    "activity": "KEY_GENERATION",
    "description": "RSA Key Pair generated",
    "data": {
      "key_size": 2048,
      "timestamp": "2026-01-12T21:49:48.521075"
    }
  },
  {
    "timestamp": "2026-01-12T21:49:48.539314",
    "activity": "TEST_CREATION",
    "description": "Test PDFs created",
    "data": {
      "test_files": [
        "test_document_1.pdf",
        "test_kontrak_2.pdf",
        "test_sertifikat_3.pdf"
      ]
    }
  },
  {
    "timestamp": "2026-01-12T21:50:47.282764",
    "activity": "KEY_GENERATION",
    "description": "RSA Key Pair generated",
    "data": {
      "key_size": 2048,
      "timestamp": "2026-01-12T21:50:47.282764"
    }
  },
  {
    "timestamp": "2026-01-12T21:50:58.919499",
    "activity": "KEY_GENERATION",
    "description": "RSA Key Pair generated",
    "data": {
      "key_size": 2048,
      "timestamp": "2026-01-12T21:50:58.919499"
    }
  },
  {
    "timestamp": "2026-01-12T21:51:00.330423",
    "activity": "SIGN_CREATION",
    "description": "PDF document signed",
    "data": {
      "original_file": "20260112_215054_\ud83d\uded2 toko.pdf",
      "signed_file": "20260112_215054_\ud83d\uded2 toko_signed_20260112_215059.pdf",
      "signature_file": "20260112_215054_\ud83d\uded2 toko_signed_20260112_215059_signature.json",
      "hash": "459fe429cee4fb80...",
      "timestamp": "2026-01-12T21:50:59.971774"
    }
  },
  {
    "timestamp": "2026-01-12T21:51:01.503840",
    "activity": "VERIFICATION_SUCCESS",
    "description": "Signature verified successfully",
    "data": {
      "file": "20260112_215054_\ud83d\uded2 toko.pdf",
      "verification_data": {
        "verified": true,
        "hash_match": true,
        "document_integrity": "INTACT",
        "authentication": "VALID",
        "non_repudiation": "PROVEN"
      }
    }
  },
  {
    "timestamp": "2026-01-12T21:51:01.817899",
    "activity": "VERIFICATION_SUCCESS",
    "description": "Signature verified successfully",
    "data": {
      "file": "20260112_215054_\ud83d\uded2 toko.pdf",
      "verification_data": {
        "verified": true,
        "hash_match": true,
        "document_integrity": "INTACT",
        "authentication": "VALID",
        "non_repudiation": "PROVEN"
      }
    }
  },
  {
    "timestamp": "2026-01-12T21:51:09.966162",
    "activity": "SIGN_CREATION",
    "description": "PDF document signed",
    "data": {
      "original_file": "test_document_1.pdf",
      "signed_file": "test_document_1_signed_20260112_215109.pdf",
      "signature_file": "test_document_1_signed_20260112_215109_signature.json",
      "hash": "8be06401db69d038...",
      "timestamp": "2026-01-12T21:51:09.787144"
    }
  },
  {
    "timestamp": "2026-01-12T21:51:10.105240",
    "activity": "VERIFICATION_SUCCESS",
    "description": "Signature verified successfully",
    "data": {
      "file": "test_document_1.pdf",
      "verification_data": {
        "verified": true,
        "hash_match": true,
        "document_integrity": "INTACT",
        "authentication": "VALID",
        "non_repudiation": "PROVEN"
      }
    }
  },
  {
    "timestamp": "2026-01-12T21:51:10.652081",
    "activity": "SIGN_CREATION",
    "description": "PDF document signed",
    "data": {
      "original_file": "test_kontrak_2.pdf",
      "signed_file": "test_kontrak_2_signed_20260112_215110.pdf",
      "signature_file": "test_kontrak_2_signed_20260112_215110_signature.json",
      "hash": "b8fba44d004fe496...",
      "timestamp": "2026-01-12T21:51:10.488437"
    }
  },
  {
    "timestamp": "2026-01-12T21:51:10.757628",
    "activity": "VERIFICATION_SUCCESS",
    "description": "Signature verified successfully",
    "data": {
      "file": "test_kontrak_2.pdf",
      "verification_data": {
        "verified": true,
        "hash_match": true,
        "document_integrity": "INTACT",
        "authentication": "VALID",
        "non_repudiation": "PROVEN"
      }
    }
  },
  {
    "timestamp": "2026-01-12T21:51:11.354121",
    "activity": "SIGN_CREATION",
    "description": "PDF document signed",
    "data": {
      "original_file": "test_sertifikat_3.pdf",
      "signed_file": "test_sertifikat_3_signed_20260112_215111.pdf",
      "signature_file": "test_sertifikat_3_signed_20260112_215111_signature.json",
      "hash": "9ee6189dbd8bca06...",
      "timestamp": "2026-01-12T21:51:11.137981"
    }
  },
  {
    "timestamp": "2026-01-12T21:51:11.477808",
    "activity": "VERIFICATION_SUCCESS",
    "description": "Signature verified successfully",
    "data": {
      "file": "test_sertifikat_3.pdf",
      "verification_data": {
        "verified": true,
        "hash_match": true,
        "document_integrity": "INTACT",
        "authentication": "VALID",
        "non_repudiation": "PROVEN"
      }
    }
  },
  {
    "timestamp": "2026-01-12T21:51:12.140966",
    "activity": "SIGN_CREATION",
    "description": "PDF document signed",
    "data": {
      "original_file": "\ud83d\uded2 toko.pdf",
      "signed_file": "\ud83d\uded2 toko_signed_20260112_215111.pdf",
      "signature_file": "\ud83d\uded2 toko_signed_20260112_215111_signature.json",
      "hash": "459fe429cee4fb80...",
      "timestamp": "2026-01-12T21:51:11.928349"
    }
  },
  {
    "timestamp": "2026-01-12T21:51:12.537435",
    "activity": "VERIFICATION_SUCCESS",
    "description": "Signature verified successfully",
    "data": {
      "file": "\ud83d\uded2 toko.pdf",
      "verification_data": {
        "verified": true,
        "hash_match": true,
        "document_integrity": "INTACT",
        "authentication": "VALID",
        "non_repudiation": "PROVEN"
      }
    }
  }
]