[
  {
    "timestamp": "2026-01-11T09:07:56.564736",
    "activity": "KEY_GENERATION",
    "description": "RSA Key Pair generated",
    "data": {
      "key_size": 2048,
      "timestamp": "2026-01-11T09:07:56.564736"
    }
  },
  {
    "timestamp": "2026-01-11T09:07:56.574765",
    "activity": "TEST_CREATION",
    "description": "Test PDFs created",
    "data": {
      "test_files": [
        "test_document_1.pdf",
        "test_kontrak_2.pdf",
        "test_sertifikat_3.pdf"
      ]
    }
  },
  {
    "timestamp": "2026-01-11T09:08:16.327975",
    "activity": "KEY_GENERATION",
    "description": "RSA Key Pair generated",
    "data": {
      "key_size": 2048,
      "timestamp": "2026-01-11T09:08:16.327975"
    }
  }
]