[
  {
    "timestamp": "2026-01-12T21:38:02.802197",
    "activity": "KEY_GENERATION",
    "description": "RSA Key Pair generated",
    "data": {
      "key_size": 2048,
      "timestamp": "2026-01-12T21:38:02.802197"
    }
  },
  {
    "timestamp": "2026-01-12T21:38:02.816004",
    "activity": "TEST_CREATION",
    "description": "Test PDFs created",
    "data": {
      "test_files": [
        "test_document_1.pdf",
        "test_kontrak_2.pdf",
        "test_sertifikat_3.pdf"
      ]
    }
  }
]